{"cameraMode":{"drawMode":0,"name":"Shaded","section":"Shading Mode"},"sceneLighting":true,"audioPlay":false,"sceneViewState":{"showFog":true,"showMaterialUpdate":false,"showSkybox":false,"showFlares":true,"showImageEffects":true,"showParticleSystems":true},"in2DMode":false,"pivot":{"x":0.030939197167754175,"y":1.5193307399749756,"z":0.36699891090393069},"rotation":{"x":0.013189724646508694,"y":-0.0024025982711464168,"z":-0.00003166419992339797,"w":-0.9999101758003235},"size":2.195554494857788,"orthographic":false}